,0,1,2,3,4,5,6
0,30.0,29.67,0.33,5.266,1.3,1.3,79.139
1,30.0,29.538,0.462,5.27,1.3,1.3,79.159
2,30.0,29.538,0.462,5.269,1.3,1.3,79.179
3,30.0,29.538,0.462,5.27,1.3,1.3,79.199
4,30.0,30.527,-0.527,5.254,1.3,1.3,79.219
5,30.0,29.538,0.462,5.273,1.3,1.3,79.239
6,30.0,29.538,0.462,5.27,1.3,1.3,79.259
7,30.0,29.538,0.462,5.27,1.3,1.3,79.279
8,30.0,29.736,0.264,5.266,1.3,1.3,79.299
9,30.0,29.538,0.462,5.271,1.3,1.3,79.319
10,30.0,29.736,0.264,5.266,1.3,1.3,79.339
11,30.0,29.67,0.33,5.268,1.3,1.3,79.359
12,30.0,30.264,-0.264,5.257,1.3,1.3,79.379
13,30.0,30.989,-0.989,5.247,1.3,1.3,79.399
14,30.0,30.396,-0.396,5.251,1.3,1.3,79.419
15,30.0,29.868,0.132,5.264,1.3,1.3,79.439
16,30.0,30.923,-0.923,5.25,1.3,1.3,79.459
17,30.0,30.264,-0.264,5.253,1.3,1.3,79.479
18,30.0,31.516,-1.516,5.244,1.3,1.3,79.499
19,30.0,31.319,-1.319,5.23,1.3,1.3,79.519
20,30.0,32.242,-2.242,5.229,1.3,1.3,79.539
21,30.0,33.626,-3.626,5.223,1.3,1.3,79.559
22,30.0,33.56,-3.56,5.181,1.3,1.3,79.579
23,30.2,33.89,-3.69,5.188,1.3,1.3,79.599
24,30.2,34.813,-4.613,5.192,1.3,1.3,79.619
25,30.2,35.341,-5.141,5.166,1.3,1.3,79.639
26,30.2,35.868,-5.668,5.155,1.3,1.3,79.659
27,30.2,36.264,-6.064,5.139,1.3,1.3,79.679
28,30.2,36.593,-6.393,5.127,1.3,1.3,79.699
29,30.2,36.527,-6.327,5.105,1.3,1.3,79.719
30,30.2,37.253,-7.053,5.131,1.3,1.3,79.739
31,30.2,36.593,-6.393,5.067,1.3,1.3,79.759
32,30.2,36.857,-6.657,5.106,1.3,1.3,79.779
33,30.2,36.791,-6.591,5.086,1.3,1.3,79.799
34,30.2,36.791,-6.591,5.087,1.3,1.3,79.819
35,30.2,36.593,-6.393,5.077,1.3,1.3,79.839
36,30.2,36.527,-6.327,5.082,1.3,1.3,79.859
37,30.2,36.33,-6.13,5.077,1.3,1.3,79.879
38,30.2,36.066,-5.866,5.076,1.3,1.3,79.899
39,30.2,35.868,-5.668,5.081,1.3,1.3,79.919
40,30.2,35.275,-5.075,5.075,1.3,1.3,79.939
41,30.2,34.418,-4.218,5.085,1.3,1.3,79.959
42,30.2,33.758,-3.558,5.107,1.3,1.3,79.979
43,30.2,32.637,-2.437,5.125,1.3,1.3,79.999
44,30.2,31.78,-1.58,5.152,1.3,1.3,80.019
45,30.2,31.319,-1.119,5.168,1.3,1.3,80.039
46,30.2,30.396,-0.196,5.189,1.3,1.3,80.059
47,30.2,29.934,0.266,5.201,1.3,1.3,80.079
48,30.2,27.429,2.771,5.307,1.3,1.3,80.099
49,30.2,27.429,2.771,5.252,1.3,1.3,80.119
50,30.2,27.429,2.771,5.254,1.3,1.3,80.139
51,30.2,26.374,3.826,5.309,1.3,1.3,80.159
52,30.2,26.044,4.156,5.296,1.3,1.3,80.179
53,30.2,25.253,4.947,5.335,1.3,1.3,80.199
54,30.2,24.725,5.475,5.34,1.3,1.3,80.219
55,30.2,24.264,5.936,5.351,1.3,1.3,80.239
56,30.2,24.0,6.2,5.351,1.3,1.3,80.259
57,30.2,23.407,6.793,5.385,1.3,1.3,80.279
58,30.2,22.549,7.651,5.426,1.3,1.3,80.299
59,30.2,23.341,6.859,5.318,1.3,1.3,80.319
60,30.2,23.275,6.925,5.37,1.3,1.3,80.339
61,30.2,23.604,6.596,5.346,1.3,1.3,80.359
62,30.2,24.066,6.134,5.334,1.3,1.3,80.379
63,30.2,24.066,6.134,5.36,1.3,1.3,80.399
64,30.2,24.989,5.211,5.306,1.3,1.3,80.419
65,30.2,24.462,5.738,5.382,1.3,1.3,80.439
66,30.2,24.989,5.211,5.328,1.3,1.3,80.459
67,30.2,25.121,5.079,5.344,1.3,1.3,80.479
68,30.2,25.516,4.684,5.329,1.3,1.3,80.499
69,30.2,25.78,4.42,5.331,1.3,1.3,80.519
70,30.2,26.308,3.892,5.316,1.3,1.3,80.538
71,30.2,27.429,2.771,5.286,1.3,1.3,80.558
72,30.2,26.044,4.156,5.387,1.3,1.3,80.578
73,30.2,27.758,2.442,5.274,1.3,1.3,80.598
74,30.2,27.89,2.31,5.304,1.3,1.3,80.618
75,30.2,27.89,2.31,5.308,1.3,1.3,80.638
76,30.2,29.143,1.057,5.272,1.3,1.3,80.658
77,30.2,29.209,0.991,5.282,1.3,1.3,80.678
78,30.2,29.604,0.596,5.273,1.3,1.3,80.698
79,30.2,30.989,-0.789,5.255,1.3,1.3,80.718
80,30.2,30.989,-0.789,5.246,1.3,1.3,80.738
81,30.2,31.516,-1.316,5.24,1.3,1.3,80.758
82,30.2,31.582,-1.382,5.234,1.3,1.3,80.778
83,30.2,31.648,-1.448,5.232,1.3,1.3,80.798
84,30.2,31.648,-1.448,5.23,1.3,1.3,80.818
85,30.2,31.648,-1.448,5.229,1.3,1.3,80.838
86,30.2,31.648,-1.448,5.229,1.3,1.3,80.858
87,30.2,31.714,-1.514,5.227,1.3,1.3,80.878
88,30.2,31.78,-1.58,5.225,1.3,1.3,80.898
89,30.2,31.78,-1.58,5.224,1.3,1.3,80.918
90,30.2,32.044,-1.844,5.221,1.3,1.3,80.938
91,30.2,31.846,-1.646,5.218,1.3,1.3,80.958
92,30.2,32.11,-1.91,5.218,1.3,1.3,80.978
93,30.2,32.11,-1.91,5.213,1.3,1.3,80.998
94,30.2,32.505,-2.305,5.212,1.3,1.3,81.018
95,30.2,32.308,-2.108,5.204,1.3,1.3,81.038
96,30.2,32.11,-1.91,5.207,1.3,1.3,81.058
97,30.2,31.648,-1.448,5.213,1.3,1.3,81.078
98,30.2,32.505,-2.305,5.216,1.3,1.3,81.098
99,30.2,31.648,-1.448,5.207,1.3,1.3,81.118
100,30.2,32.901,-2.701,5.218,1.3,1.3,81.138
101,30.2,31.582,-1.382,5.202,1.3,1.3,81.158
102,30.2,31.451,-1.251,5.217,1.3,1.3,81.178
103,30.2,30.989,-0.789,5.224,1.3,1.3,81.198
104,30.2,31.055,-0.855,5.226,1.3,1.3,81.218
105,30.2,30.923,-0.723,5.227,1.3,1.3,81.238
106,30.2,30.791,-0.591,5.229,1.3,1.3,81.258
107,30.2,30.725,-0.525,5.231,1.3,1.3,81.278
108,30.2,30.527,-0.327,5.234,1.3,1.3,81.298
109,30.2,30.33,-0.13,5.238,1.3,1.3,81.318
110,30.2,30.0,0.2,5.246,1.3,1.3,81.338
111,30.2,30.593,-0.393,5.235,1.3,1.3,81.358
112,30.2,29.538,0.662,5.26,1.3,1.3,81.378
113,30.2,30.264,-0.064,5.241,1.3,1.3,81.398
114,30.2,30.198,0.002,5.241,1.3,1.3,81.418
115,30.2,30.396,-0.196,5.238,1.3,1.3,81.438
116,30.2,30.593,-0.393,5.234,1.3,1.3,81.458
117,30.2,30.462,-0.262,5.235,1.3,1.3,81.478
118,30.2,30.725,-0.525,5.231,1.3,1.3,81.498
119,30.2,30.527,-0.327,5.233,1.3,1.3,81.518
120,30.2,30.593,-0.393,5.233,1.3,1.3,81.538
121,30.2,30.659,-0.459,5.231,1.3,1.3,81.558
122,30.2,30.396,-0.196,5.236,1.3,1.3,81.578
123,30.2,30.527,-0.327,5.234,1.3,1.3,81.598
124,30.2,30.396,-0.196,5.236,1.3,1.3,81.618
125,30.2,30.462,-0.262,5.235,1.3,1.3,81.638
126,30.2,30.659,-0.459,5.231,1.3,1.3,81.658
127,30.2,30.791,-0.591,5.228,1.3,1.3,81.678
128,30.2,30.659,-0.459,5.229,1.3,1.3,81.698
129,30.2,30.923,-0.723,5.226,1.3,1.3,81.718
130,30.2,30.725,-0.525,5.227,1.3,1.3,81.738
131,30.2,30.857,-0.657,5.225,1.3,1.3,81.758
132,30.2,30.791,-0.591,5.226,1.3,1.3,81.778
133,30.2,30.396,-0.196,5.233,1.3,1.3,81.798
134,30.2,30.791,-0.591,5.227,1.3,1.3,81.818
135,30.2,31.055,-0.855,5.222,1.3,1.3,81.838
136,30.2,30.791,-0.591,5.223,1.3,1.3,81.858
137,30.2,31.253,-1.053,5.219,1.3,1.3,81.878
138,30.2,30.725,-0.525,5.223,1.3,1.3,81.898
139,30.2,29.934,0.266,5.243,1.3,1.3,81.918
140,30.2,30.725,-0.525,5.228,1.3,1.3,81.938
141,30.2,30.396,-0.196,5.231,1.3,1.3,81.958
142,30.2,30.725,-0.525,5.226,1.3,1.3,81.978
143,30.2,29.341,0.859,5.262,1.3,1.3,81.998
144,30.2,30.791,-0.591,5.23,1.3,1.3,82.018
145,30.2,31.978,-1.778,5.216,1.3,1.3,82.038
146,30.2,30.857,-0.657,5.215,1.3,1.3,82.058
147,30.2,30.725,-0.525,5.223,1.3,1.3,82.078
148,30.0,30.725,-0.725,5.219,1.3,1.3,82.098
149,30.0,30.725,-0.725,5.219,1.3,1.3,82.118
150,30.0,30.791,-0.791,5.217,1.3,1.3,82.138
151,30.0,30.659,-0.659,5.219,1.3,1.3,82.158
152,30.0,30.264,-0.264,5.226,1.3,1.3,82.178
153,30.0,30.396,-0.396,5.225,1.3,1.3,82.198
154,30.0,30.923,-0.923,5.217,1.3,1.3,82.218
155,30.0,30.725,-0.725,5.216,1.3,1.3,82.238
156,30.0,30.791,-0.791,5.215,1.3,1.3,82.258
157,30.0,30.725,-0.725,5.216,1.3,1.3,82.278
158,30.0,30.527,-0.527,5.219,1.3,1.3,82.298
159,30.0,30.791,-0.791,5.216,1.3,1.3,82.318
160,30.0,30.462,-0.462,5.219,1.3,1.3,82.338
161,30.0,30.725,-0.725,5.216,1.3,1.3,82.358
162,30.0,30.527,-0.527,5.218,1.3,1.3,82.378
163,30.0,30.593,-0.593,5.217,1.3,1.3,82.398
164,30.0,30.132,-0.132,5.226,1.3,1.3,82.418
165,30.0,30.923,-0.923,5.216,1.3,1.3,82.438
166,30.0,31.055,-1.055,5.208,1.3,1.3,82.458
167,30.0,30.857,-0.857,5.209,1.3,1.3,82.478
168,30.0,31.055,-1.055,5.207,1.3,1.3,82.498
169,30.0,30.857,-0.857,5.208,1.3,1.3,82.518
170,30.0,30.989,-0.989,5.207,1.3,1.3,82.538
171,30.0,31.187,-1.187,5.203,1.3,1.3,82.558
172,30.0,31.516,-1.516,5.198,1.3,1.3,82.578
173,30.0,31.451,-1.451,5.194,1.3,1.3,82.598
174,30.0,31.516,-1.516,5.193,1.3,1.3,82.618
175,30.0,31.319,-1.319,5.194,1.3,1.3,82.638
176,30.0,31.253,-1.253,5.196,1.3,1.3,82.658
177,30.0,31.319,-1.319,5.195,1.3,1.3,82.678
178,30.0,31.582,-1.582,5.192,1.3,1.3,82.698
179,30.0,31.648,-1.648,5.187,1.3,1.3,82.718
180,30.0,31.648,-1.648,5.186,1.3,1.3,82.738
181,30.0,31.714,-1.714,5.184,1.3,1.3,82.758
182,30.0,31.78,-1.78,5.182,1.3,1.3,82.778
183,30.0,31.846,-1.846,5.18,1.3,1.3,82.798
184,30.0,31.648,-1.648,5.179,1.3,1.3,82.818
185,30.0,31.648,-1.648,5.181,1.3,1.3,82.838
186,30.0,31.648,-1.648,5.18,1.3,1.3,82.858
187,30.0,31.582,-1.582,5.18,1.3,1.3,82.878
188,30.0,31.516,-1.516,5.181,1.3,1.3,82.898
189,30.0,31.319,-1.319,5.183,1.3,1.3,82.918
190,30.0,31.516,-1.516,5.183,1.3,1.3,82.938
191,30.0,30.923,-0.923,5.187,1.3,1.3,82.958
192,30.0,30.923,-0.923,5.191,1.3,1.3,82.978
193,30.0,31.055,-1.055,5.189,1.3,1.3,82.998
194,30.0,30.527,-0.527,5.196,1.3,1.3,83.018
195,30.0,30.527,-0.527,5.198,1.3,1.3,83.038
196,30.0,30.725,-0.725,5.195,1.3,1.3,83.058
197,30.0,31.055,-1.055,5.189,1.3,1.3,83.078
198,30.0,30.791,-0.791,5.19,1.3,1.3,83.098
199,30.0,30.396,-0.396,5.198,1.3,1.3,83.118
200,30.0,30.659,-0.659,5.195,1.3,1.3,83.138
201,30.0,30.923,-0.923,5.19,1.3,1.3,83.158
202,30.0,30.527,-0.527,5.194,1.3,1.3,83.178
203,30.0,31.319,-1.319,5.187,1.3,1.3,83.198
204,30.0,30.791,-0.791,5.186,1.3,1.3,83.218
205,30.0,30.264,-0.264,5.198,1.3,1.3,83.238
206,30.0,30.725,-0.725,5.193,1.3,1.3,83.258
207,30.0,30.659,-0.659,5.191,1.3,1.3,83.278
208,30.0,29.934,0.066,5.206,1.3,1.3,83.298
209,30.0,28.615,1.385,5.247,1.3,1.3,83.318
210,30.0,27.429,2.571,5.282,1.3,1.3,83.338
211,30.0,26.505,3.495,5.304,1.3,1.3,83.358
212,30.0,25.253,4.747,5.353,1.3,1.3,83.378
213,30.0,23.604,6.396,5.426,1.3,1.3,83.398
214,30.0,22.286,7.714,5.453,1.3,1.3,83.418
215,30.0,20.703,9.297,5.526,1.3,1.3,83.438
216,30.0,19.187,10.813,5.575,1.3,1.3,83.458
217,30.0,18.132,11.868,5.571,1.3,1.3,83.478
218,30.0,16.945,13.055,5.625,1.3,1.3,83.498
219,30.0,16.418,13.582,5.576,1.3,1.3,83.518
220,30.0,15.495,14.505,5.651,1.3,1.3,83.538
221,30.0,15.165,14.835,5.597,1.3,1.3,83.558
222,30.0,15.165,14.835,5.565,1.3,1.3,83.578
223,30.0,15.692,14.308,5.502,1.3,1.3,83.598
224,30.0,16.022,13.978,5.525,1.3,1.3,83.618
225,30.0,16.945,13.055,5.454,1.3,1.3,83.638
226,30.0,18.066,11.934,5.427,1.3,1.3,83.658
227,30.0,18.989,11.011,5.44,1.3,1.3,83.678
228,30.0,21.692,8.308,5.291,1.3,1.3,83.698
229,30.0,21.231,8.769,5.517,1.3,1.3,83.718
230,30.0,22.879,7.121,5.361,1.3,1.3,83.738
231,30.0,23.934,6.066,5.386,1.3,1.3,83.758
232,30.0,25.319,4.681,5.36,1.3,1.3,83.778
233,30.0,26.835,3.165,5.345,1.3,1.3,83.798
234,30.0,27.626,2.374,5.353,1.3,1.3,83.818
235,30.0,29.604,0.396,5.323,1.3,1.3,83.838
236,30.0,31.451,-1.451,5.313,1.3,1.3,83.858
237,30.0,32.571,-2.571,5.291,1.3,1.3,83.878
238,30.0,34.22,-4.22,5.288,1.3,1.3,83.898
239,30.0,35.538,-5.538,5.262,1.3,1.3,83.918
240,30.0,37.253,-7.253,5.265,1.3,1.3,83.938
241,30.0,37.385,-7.385,5.167,1.3,1.3,83.958
242,30.0,38.176,-8.176,5.191,1.3,1.3,83.978
243,30.0,39.231,-9.231,5.192,1.3,1.3,83.998
244,30.0,40.088,-10.088,5.161,1.3,1.3,84.018
245,30.0,40.549,-10.549,5.116,1.3,1.3,84.038
246,30.0,41.143,-11.143,5.112,1.3,1.3,84.058
247,30.0,41.473,-11.473,5.077,1.3,1.3,84.078
248,30.0,42.0,-12.0,5.081,1.3,1.3,84.098
249,30.0,42.0,-12.0,5.025,1.3,1.3,84.118
250,30.0,42.791,-12.791,5.083,1.3,1.3,84.138
251,30.0,42.659,-12.659,4.985,1.3,1.3,84.158
252,30.0,42.857,-12.857,5.009,1.3,1.3,84.178
253,30.0,42.659,-12.659,4.966,1.3,1.3,84.198
254,30.0,42.198,-12.198,4.944,1.3,1.3,84.218
255,30.0,41.736,-11.736,4.949,1.3,1.3,84.238
256,30.0,42.198,-12.198,5.022,1.3,1.3,84.258
257,30.0,41.341,-11.341,4.911,1.3,1.3,84.278
258,30.0,41.011,-11.011,4.961,1.3,1.3,84.298
259,30.0,40.549,-10.549,4.955,1.3,1.3,84.318
260,30.0,39.89,-9.89,4.95,1.3,1.3,84.338
261,30.0,38.637,-8.637,4.936,1.3,1.3,84.358
262,30.0,37.846,-7.846,4.985,1.3,1.3,84.378
263,30.0,37.385,-7.385,5.013,1.3,1.3,84.398
264,30.0,36.0,-6.0,4.998,1.3,1.3,84.418
265,30.0,35.209,-5.209,5.045,1.3,1.3,84.438
266,30.0,33.495,-3.495,5.063,1.3,1.3,84.458
267,30.0,31.846,-1.846,5.118,1.3,1.3,84.478
268,30.0,29.868,0.132,5.184,1.3,1.3,84.498
269,30.0,28.286,1.714,5.236,1.3,1.3,84.518
270,30.0,26.571,3.429,5.298,1.3,1.3,84.538
271,30.0,24.33,5.67,5.4,1.3,1.3,84.558
272,30.0,22.879,7.121,5.414,1.3,1.3,84.578
273,30.0,20.637,9.363,5.548,1.3,1.3,84.598
274,30.2,19.121,11.079,5.555,1.3,1.3,84.618
275,30.2,17.143,13.057,5.673,1.3,1.3,84.638
276,30.2,16.418,13.782,5.568,1.3,1.3,84.658
277,30.2,15.297,14.903,5.651,1.3,1.3,84.678
278,30.2,14.44,15.76,5.651,1.3,1.3,84.698
279,30.2,13.648,16.552,5.672,1.3,1.3,84.718
280,30.2,13.582,16.618,5.585,1.3,1.3,84.738
281,30.2,13.516,16.684,5.595,1.3,1.3,84.758
282,30.2,13.78,16.42,5.554,1.3,1.3,84.778
283,30.2,14.571,15.629,5.482,1.3,1.3,84.798
284,30.2,14.835,15.365,5.551,1.3,1.3,84.818
285,30.2,15.824,14.376,5.457,1.3,1.3,84.838
286,30.2,16.879,13.321,5.444,1.3,1.3,84.858
287,30.2,18.396,11.804,5.389,1.3,1.3,84.878
288,30.2,20.044,10.156,5.37,1.3,1.3,84.898
289,30.2,21.099,9.101,5.411,1.3,1.3,84.918
290,30.2,22.813,7.387,5.356,1.3,1.3,84.938
291,30.2,24.462,5.738,5.351,1.3,1.3,84.958
292,30.2,26.308,3.892,5.334,1.3,1.3,84.978
293,30.2,27.495,2.705,5.344,1.3,1.3,84.998
294,30.2,29.209,0.991,5.322,1.3,1.3,85.018
295,30.2,31.648,-1.448,5.314,1.3,1.3,85.038
296,30.2,33.429,-3.229,5.295,1.3,1.3,85.058
297,30.2,35.143,-4.943,5.28,1.3,1.3,85.078
298,30.2,35.868,-5.668,5.228,1.3,1.3,85.098
299,30.2,37.253,-7.053,5.242,1.3,1.3,85.118
300,30.2,38.835,-8.635,5.237,1.3,1.3,85.138
301,30.2,40.088,-9.888,5.197,1.3,1.3,85.158
302,30.2,40.813,-10.613,5.139,1.3,1.3,85.178
303,30.2,41.604,-11.404,5.129,1.3,1.3,85.198
304,30.2,42.396,-12.196,5.112,1.3,1.3,85.218
305,30.2,43.385,-13.185,5.112,1.3,1.3,85.238
306,30.2,44.242,-14.042,5.08,1.3,1.3,85.258
307,30.2,44.505,-14.305,5.002,1.3,1.3,85.278
308,30.2,44.901,-14.701,5.003,1.3,1.3,85.298
309,30.2,45.297,-15.097,4.989,1.3,1.3,85.318
310,30.2,45.363,-15.163,4.94,1.3,1.3,85.338
311,30.2,45.231,-15.031,4.911,1.3,1.3,85.358
312,30.2,45.099,-14.899,4.906,1.3,1.3,85.378
313,30.2,45.099,-14.899,4.915,1.3,1.3,85.398
314,30.2,44.571,-14.371,4.857,1.3,1.3,85.418
315,30.2,44.308,-14.108,4.887,1.3,1.3,85.438
316,30.2,44.11,-13.91,4.891,1.3,1.3,85.458
317,30.2,42.659,-12.459,4.792,1.3,1.3,85.478
318,30.2,41.868,-11.668,4.872,1.3,1.3,85.498
319,30.2,41.209,-11.009,4.896,1.3,1.3,85.518
320,30.2,40.22,-10.02,4.889,1.3,1.3,85.538
321,30.2,39.099,-8.899,4.907,1.3,1.3,85.558
322,30.2,37.846,-7.646,4.931,1.3,1.3,85.578
323,30.2,36.923,-6.723,4.973,1.3,1.3,85.598
324,30.2,34.747,-4.547,4.985,1.3,1.3,85.618
325,30.2,33.758,-3.558,5.054,1.3,1.3,85.638
326,30.2,30.857,-0.657,5.125,1.3,1.3,85.658
327,30.2,28.549,1.651,5.217,1.3,1.3,85.678
328,30.2,27.033,3.167,5.257,1.3,1.3,85.698
329,30.2,24.396,5.804,5.397,1.3,1.3,85.718
330,30.2,22.879,7.321,5.397,1.3,1.3,85.738
331,30.2,20.967,9.233,5.492,1.3,1.3,85.758
332,30.2,19.055,11.145,5.565,1.3,1.3,85.778
333,30.2,17.604,12.596,5.576,1.3,1.3,85.798
334,30.2,15.824,14.376,5.678,1.3,1.3,85.818
335,30.2,14.44,15.76,5.683,1.3,1.3,85.838
336,30.2,12.923,17.277,5.757,1.3,1.3,85.858
337,30.2,11.802,18.398,5.744,1.3,1.3,85.878
338,30.2,10.945,19.255,5.738,1.3,1.3,85.898
339,30.2,10.154,20.046,5.759,1.3,1.3,85.918
340,30.2,9.824,20.376,5.702,1.3,1.3,85.938
341,30.2,9.824,20.376,5.659,1.3,1.3,85.958
342,30.2,10.088,20.112,5.621,1.3,1.3,85.978
343,30.2,10.22,19.98,5.65,1.3,1.3,85.998
344,30.2,11.209,18.991,5.51,1.3,1.3,86.018
345,30.2,12.527,17.673,5.457,1.3,1.3,86.038
346,30.2,13.912,16.288,5.443,1.3,1.3,86.058
347,30.2,15.692,14.508,5.389,1.3,1.3,86.078
348,30.2,17.341,12.859,5.399,1.3,1.3,86.098
349,30.2,19.187,11.013,5.375,1.3,1.3,86.118
350,30.2,21.099,9.101,5.364,1.3,1.3,86.138
351,30.2,23.077,7.123,5.355,1.3,1.3,86.158
352,30.2,25.121,5.079,5.346,1.3,1.3,86.178
353,30.2,27.033,3.167,5.344,1.3,1.3,86.198
354,30.2,28.945,1.255,5.336,1.3,1.3,86.218
355,30.2,30.923,-0.723,5.327,1.3,1.3,86.238
356,30.2,33.099,-2.899,5.321,1.3,1.3,86.258
357,30.2,35.143,-4.943,5.308,1.3,1.3,86.278
358,30.2,36.923,-6.723,5.284,1.3,1.3,86.298
359,30.2,38.374,-8.174,5.25,1.3,1.3,86.318
360,30.2,40.154,-9.954,5.256,1.3,1.3,86.338
361,30.2,41.209,-11.009,5.18,1.3,1.3,86.358
362,30.2,42.659,-12.459,5.197,1.3,1.3,86.378
363,30.2,43.187,-12.987,5.09,1.3,1.3,86.398
364,30.2,43.451,-13.251,5.051,1.3,1.3,86.418
365,30.2,43.78,-13.58,5.046,1.3,1.3,86.438
366,30.2,43.582,-13.382,4.986,1.3,1.3,86.458
367,30.2,43.385,-13.185,4.984,1.3,1.3,86.478
368,30.2,42.989,-12.789,4.966,1.3,1.3,86.497
369,30.2,42.198,-11.998,4.94,1.3,1.3,86.517
370,30.2,41.868,-11.668,4.986,1.3,1.3,86.537
371,30.2,41.341,-11.141,4.975,1.3,1.3,86.557
372,30.2,40.681,-10.481,4.974,1.3,1.3,86.577
373,30.2,40.088,-9.888,4.99,1.3,1.3,86.597
374,30.2,39.692,-9.492,5.01,1.3,1.3,86.617
375,30.2,38.176,-7.976,4.969,1.3,1.3,86.637
376,30.2,37.253,-7.053,5.029,1.3,1.3,86.657
377,30.2,36.593,-6.393,5.057,1.3,1.3,86.677
378,30.2,35.868,-5.668,5.07,1.3,1.3,86.697
379,30.2,34.484,-4.284,5.081,1.3,1.3,86.717
380,30.2,32.637,-2.437,5.128,1.3,1.3,86.737
381,30.2,31.055,-0.855,5.184,1.3,1.3,86.757
382,30.2,29.934,0.266,5.22,1.3,1.3,86.777
383,30.2,28.681,1.519,5.259,1.3,1.3,86.797
384,30.2,27.363,2.837,5.301,1.3,1.3,86.817
385,30.2,26.11,4.09,5.339,1.3,1.3,86.837
386,30.2,24.264,5.936,5.426,1.3,1.3,86.857
387,30.2,23.67,6.53,5.384,1.3,1.3,86.877
388,30.2,22.286,7.914,5.473,1.3,1.3,86.897
389,30.2,21.099,9.101,5.5,1.3,1.3,86.917
390,30.2,20.374,9.826,5.49,1.3,1.3,86.937
391,30.2,19.912,10.288,5.485,1.3,1.3,86.957
392,30.2,19.187,11.013,5.531,1.3,1.3,86.977
393,30.2,18.791,11.409,5.517,1.3,1.3,86.997
394,30.2,18.0,12.2,5.58,1.3,1.3,87.017
395,30.2,18.132,12.068,5.493,1.3,1.3,87.037
396,30.2,18.066,12.134,5.52,1.3,1.3,87.057
397,30.2,18.264,11.936,5.497,1.3,1.3,87.077
398,30.2,18.923,11.277,5.448,1.3,1.3,87.097
399,30.0,19.055,10.945,5.495,1.3,1.3,87.117
400,30.0,19.714,10.286,5.444,1.3,1.3,87.137
401,30.0,20.374,9.626,5.44,1.3,1.3,87.157
402,30.0,21.297,8.703,5.412,1.3,1.3,87.177
403,30.0,22.352,7.648,5.394,1.3,1.3,87.197
404,30.0,23.275,6.725,5.394,1.3,1.3,87.217
405,30.0,24.396,5.604,5.374,1.3,1.3,87.237
406,30.0,25.451,4.549,5.367,1.3,1.3,87.257
407,30.0,26.374,3.626,5.362,1.3,1.3,87.277
408,30.0,28.088,1.912,5.329,1.3,1.3,87.297
409,30.0,29.407,0.593,5.323,1.3,1.3,87.317
410,30.0,31.055,-1.055,5.31,1.3,1.3,87.337
411,30.0,31.648,-1.648,5.291,1.3,1.3,87.357
412,30.0,33.297,-3.297,5.292,1.3,1.3,87.377
413,30.0,34.154,-4.154,5.258,1.3,1.3,87.397
414,30.0,35.67,-5.67,5.265,1.3,1.3,87.417
415,30.0,36.264,-6.264,5.211,1.3,1.3,87.437
416,30.0,36.857,-6.857,5.198,1.3,1.3,87.457
417,30.0,36.923,-6.923,5.165,1.3,1.3,87.477
418,30.0,37.253,-7.253,5.17,1.3,1.3,87.497
419,30.0,37.648,-7.648,5.163,1.3,1.3,87.517
420,30.0,39.099,-9.099,5.211,1.3,1.3,87.537
421,30.0,37.516,-7.516,5.038,1.3,1.3,87.557
422,30.0,37.385,-7.385,5.125,1.3,1.3,87.577
423,30.0,36.923,-6.923,5.113,1.3,1.3,87.597
424,30.0,36.33,-6.33,5.117,1.3,1.3,87.617
425,30.0,36.857,-6.857,5.162,1.3,1.3,87.637
426,30.0,36.725,-6.725,5.125,1.3,1.3,87.657
427,30.0,36.198,-6.198,5.113,1.3,1.3,87.677
428,30.0,35.802,-5.802,5.126,1.3,1.3,87.697
429,30.0,35.209,-5.209,5.129,1.3,1.3,87.717
430,30.0,34.747,-4.747,5.143,1.3,1.3,87.737
431,30.0,33.824,-3.824,5.149,1.3,1.3,87.757
432,30.0,33.231,-3.231,5.172,1.3,1.3,87.777
433,30.0,32.044,-2.044,5.191,1.3,1.3,87.797
434,30.0,31.319,-1.319,5.216,1.3,1.3,87.817
435,30.0,30.198,-0.198,5.245,1.3,1.3,87.837
436,30.0,29.143,0.857,5.275,1.3,1.3,87.857
437,30.0,28.088,1.912,5.306,1.3,1.3,87.877
438,30.0,27.363,2.637,5.321,1.3,1.3,87.897
439,30.0,26.308,3.692,5.36,1.3,1.3,87.917
440,30.0,24.989,5.011,5.411,1.3,1.3,87.937
441,30.0,23.868,6.132,5.438,1.3,1.3,87.957
442,30.0,23.209,6.791,5.436,1.3,1.3,87.977
443,30.0,22.615,7.385,5.45,1.3,1.3,87.997
444,30.0,21.692,8.308,5.499,1.3,1.3,88.017
445,30.0,19.846,10.154,5.63,1.3,1.3,88.037
446,30.0,20.769,9.231,5.398,1.3,1.3,88.057
447,30.0,20.044,9.956,5.543,1.3,1.3,88.077
448,30.0,20.11,9.89,5.484,1.3,1.3,88.097
449,30.0,20.242,9.758,5.481,1.3,1.3,88.117
450,30.0,20.11,9.89,5.509,1.3,1.3,88.137
451,30.0,19.385,10.615,5.58,1.3,1.3,88.157
452,30.0,20.242,9.758,5.44,1.3,1.3,88.177
453,30.0,20.769,9.231,5.462,1.3,1.3,88.197
454,30.0,21.099,8.901,5.475,1.3,1.3,88.217
455,30.0,21.429,8.571,5.474,1.3,1.3,88.237
456,30.0,22.22,7.78,5.435,1.3,1.3,88.257
457,30.0,21.758,8.242,5.528,1.3,1.3,88.277
458,30.0,24.066,5.934,5.345,1.3,1.3,88.297
459,30.0,23.868,6.132,5.471,1.3,1.3,88.317
460,30.0,25.319,4.681,5.38,1.3,1.3,88.337
461,30.0,25.319,4.681,5.437,1.3,1.3,88.357
462,30.0,25.912,4.088,5.408,1.3,1.3,88.377
463,30.0,26.769,3.231,5.39,1.3,1.3,88.397
464,30.0,27.231,2.769,5.394,1.3,1.3,88.417
465,30.0,28.154,1.846,5.373,1.3,1.3,88.437
466,30.0,29.407,0.593,5.356,1.3,1.3,88.457
467,30.0,29.604,0.396,5.357,1.3,1.3,88.477
468,30.0,30.593,-0.593,5.342,1.3,1.3,88.497
469,30.0,31.451,-1.451,5.33,1.3,1.3,88.517
470,30.0,31.78,-1.78,5.317,1.3,1.3,88.537
471,30.0,33.297,-3.297,5.32,1.3,1.3,88.557
472,30.0,33.692,-3.692,5.282,1.3,1.3,88.577
473,30.0,34.747,-4.747,5.287,1.3,1.3,88.597
474,30.0,34.681,-4.681,5.244,1.3,1.3,88.617
475,30.0,35.868,-5.868,5.275,1.3,1.3,88.637
476,30.0,36.0,-6.0,5.22,1.3,1.3,88.657
477,30.0,36.0,-6.0,5.211,1.3,1.3,88.677
478,30.0,36.0,-6.0,5.208,1.3,1.3,88.697
479,30.0,35.934,-5.934,5.203,1.3,1.3,88.717
480,30.0,36.132,-6.132,5.209,1.3,1.3,88.737
481,30.0,35.67,-5.67,5.185,1.3,1.3,88.757
482,30.0,35.604,-5.604,5.201,1.3,1.3,88.777
483,30.0,35.407,-5.407,5.197,1.3,1.3,88.797
484,30.0,35.011,-5.011,5.195,1.3,1.3,88.817
485,30.0,34.879,-4.879,5.206,1.3,1.3,88.837
486,30.0,34.747,-4.747,5.206,1.3,1.3,88.857
487,30.0,34.484,-4.484,5.205,1.3,1.3,88.877
488,30.0,33.956,-3.956,5.206,1.3,1.3,88.897
489,30.0,33.758,-3.758,5.219,1.3,1.3,88.917
490,30.0,33.758,-3.758,5.223,1.3,1.3,88.937
491,30.0,33.758,-3.758,5.221,1.3,1.3,88.957
492,30.0,33.626,-3.626,5.218,1.3,1.3,88.977
493,30.0,33.56,-3.56,5.22,1.3,1.3,88.997
494,30.0,33.56,-3.56,5.22,1.3,1.3,89.017
495,30.0,33.429,-3.429,5.217,1.3,1.3,89.037
496,30.0,32.571,-2.571,5.219,1.3,1.3,89.057
497,30.0,32.11,-2.11,5.237,1.3,1.3,89.077
498,30.0,31.846,-1.846,5.245,1.3,1.3,89.097
499,30.0,31.714,-1.714,5.249,1.3,1.3,89.117
500,30.0,31.055,-1.055,5.258,1.3,1.3,89.137
501,30.0,30.791,-0.791,5.267,1.3,1.3,89.157
502,30.0,30.989,-0.989,5.265,1.3,1.3,89.177
503,30.0,29.538,0.462,5.298,1.3,1.3,89.197
504,30.0,29.67,0.33,5.29,1.3,1.3,89.217
505,30.0,29.407,0.593,5.297,1.3,1.3,89.237
506,30.0,29.604,0.396,5.292,1.3,1.3,89.257
507,30.0,29.275,0.725,5.301,1.3,1.3,89.277
508,30.0,29.143,0.857,5.303,1.3,1.3,89.297
509,30.0,28.879,1.121,5.311,1.3,1.3,89.317
510,30.0,29.143,0.857,5.302,1.3,1.3,89.337
511,30.0,29.538,0.462,5.294,1.3,1.3,89.357
512,30.0,29.143,0.857,5.307,1.3,1.3,89.377
513,30.0,29.209,0.791,5.303,1.3,1.3,89.397
514,30.0,29.341,0.659,5.3,1.3,1.3,89.417
515,30.0,29.209,0.791,5.305,1.3,1.3,89.437
516,30.0,29.341,0.659,5.301,1.3,1.3,89.457
517,30.0,29.209,0.791,5.306,1.3,1.3,89.477
518,30.0,29.209,0.791,5.305,1.3,1.3,89.497
519,30.0,28.418,1.582,5.332,1.3,1.3,89.517
520,30.0,28.813,1.187,5.311,1.3,1.3,89.537
521,30.0,28.615,1.385,5.321,1.3,1.3,89.557
522,30.0,28.549,1.451,5.322,1.3,1.3,89.577
523,30.0,28.154,1.846,5.336,1.3,1.3,89.597
524,30.0,28.352,1.648,5.324,1.3,1.3,89.617
525,30.2,28.154,2.046,5.339,1.3,1.3,89.637
526,30.2,28.352,1.848,5.33,1.3,1.3,89.657
527,30.2,28.549,1.651,5.327,1.3,1.3,89.677
528,30.2,29.143,1.057,5.313,1.3,1.3,89.697
529,30.2,28.945,1.255,5.325,1.3,1.3,89.717
530,30.2,28.681,1.519,5.332,1.3,1.3,89.737
531,30.2,30.132,0.068,5.299,1.3,1.3,89.757
532,30.2,29.604,0.596,5.313,1.3,1.3,89.777
533,30.2,29.67,0.53,5.309,1.3,1.3,89.797
534,30.2,30.132,0.068,5.3,1.3,1.3,89.817
535,30.2,30.593,-0.393,5.293,1.3,1.3,89.837
536,30.2,30.857,-0.657,5.287,1.3,1.3,89.857
537,30.2,31.055,-0.855,5.282,1.3,1.3,89.877
538,30.2,31.648,-1.448,5.275,1.3,1.3,89.897
539,30.2,31.648,-1.448,5.268,1.3,1.3,89.917
540,30.2,32.11,-1.91,5.265,1.3,1.3,89.937
541,30.2,32.44,-2.24,5.256,1.3,1.3,89.957
542,30.2,33.099,-2.899,5.251,1.3,1.3,89.977
543,30.2,33.033,-2.833,5.234,1.3,1.3,89.997
544,30.2,33.429,-3.229,5.236,1.3,1.3,90.017
545,30.2,33.758,-3.558,5.227,1.3,1.3,90.037
546,30.2,33.626,-3.426,5.215,1.3,1.3,90.057
547,30.2,33.626,-3.426,5.216,1.3,1.3,90.077
548,30.2,33.626,-3.426,5.215,1.3,1.3,90.097
549,30.2,33.56,-3.36,5.213,1.3,1.3,90.117
550,30.2,33.758,-3.558,5.214,1.3,1.3,90.137
551,30.2,33.692,-3.492,5.206,1.3,1.3,90.157
552,30.2,33.758,-3.558,5.207,1.3,1.3,90.177
553,30.2,33.429,-3.229,5.202,1.3,1.3,90.197
554,30.2,33.692,-3.492,5.21,1.3,1.3,90.217
555,30.2,33.626,-3.426,5.201,1.3,1.3,90.237
556,30.2,33.692,-3.492,5.201,1.3,1.3,90.257
557,30.2,33.626,-3.426,5.197,1.3,1.3,90.277
558,30.2,33.56,-3.36,5.197,1.3,1.3,90.297
559,30.2,33.626,-3.426,5.198,1.3,1.3,90.317
560,30.2,33.692,-3.492,5.195,1.3,1.3,90.337
561,30.2,31.846,-1.646,5.205,1.3,1.3,90.357
562,30.2,32.11,-1.91,5.227,1.3,1.3,90.377
563,30.2,32.308,-2.108,5.221,1.3,1.3,90.397
564,30.2,31.582,-1.382,5.223,1.3,1.3,90.417
565,30.2,30.989,-0.789,5.239,1.3,1.3,90.437
566,30.2,30.923,-0.723,5.243,1.3,1.3,90.457
